Input,Response
What is the 6P method?,"The 6P method is a framework that focuses on balancing the 6 human needs: People, Planet, Potentials, Proliferation, Possibilities, and Particularities in a project."
What is the balance of all entities in the 6P method for this project?,"The balance of all entities depends on the project's current metrics: Planet: 40%, People: 15%, Potentials: 6%, Proliferation: 4%, Possibilities: 25%, Particularities: 10%."
How can I improve the score for Planet?,"Planet already has a high score of 40%. To improve it further, consider reducing waste, increasing recycling, and promoting sustainable practices."
What are the six components of the 6P method?,"The 6P method consists of People, Planet, Potentials, Proliferation, Possibilities, and Particularities."
How does the 6P method support sustainability?,"The 6P method integrates human needs and environmental priorities, supporting long-term sustainability."
Can you explain the role of People in the 6P method?,"People focuses on the individuals and communities impacted by the project, ensuring equity and inclusivity."
What does Planet focus on in the 6P method?,Planet emphasizes minimizing environmental impact and preserving natural resources for future generations.
How is Potentials defined in the 6P method?,"Potentials refer to the opportunities for growth, innovation, and future possibilities within a project."
What is the significance of Proliferation in the 6P framework?,Proliferation involves scaling solutions and sharing innovations to amplify positive impact.
What does Possibilities mean in the 6P method?,Possibilities explore creative approaches and innovative ideas that address project challenges.
How do Particularities shape decision-making in the 6P method?,"Particularities consider the unique context, needs, and constraints of a specific project or situation."
How do the 6P entities interact with each other?,The 6Ps work as an interconnected system where changes in one entity affect the others.
Why is the balance of all 6Ps important?,Balancing all 6Ps ensures that no single component is prioritized at the expense of others.
How can I improve the score for People in my project?,"You can improve People by engaging stakeholders, prioritizing diversity, and ensuring fairness."
What strategies can improve the Planet score in the 6P method?,Strategies like using renewable resources and reducing emissions can improve the Planet score.
How can organizations use the 6P method for better decision-making?,Organizations can use the 6P method to align projects with sustainability and human needs.
What is an example of using the 6P method in real-life projects?,An example would be a green building project that prioritizes all six components of the 6P method.
How does the 6P method differ from traditional frameworks?,"The 6P method incorporates holistic and systemic thinking, unlike traditional linear frameworks."
What are common challenges when applying the 6P method?,Common challenges include balancing competing priorities and aligning all stakeholders.
What tools can help implement the 6P method effectively?,Tools like lifecycle analysis and stakeholder mapping can support the 6P method.
Can the 6P method be customized for specific industries?,"Yes, the 6P method can be tailored to specific sectors like construction or manufacturing."
What are the key benefits of using the 6P method?,"The 6P method enhances decision-making, fosters innovation, and promotes sustainability."
How can I measure the success of a 6P-based project?,"You can measure success using metrics aligned with each P, such as stakeholder satisfaction and emissions reductions."
What are practical examples of balancing Planet and People?,Practical examples include using green technologies to balance environmental goals and community well-being.
How does the 6P method address future potentials?,The 6P method ensures future potentials are preserved by focusing on long-term impact.
What is the purpose of the 6P method in sustainable design?,"Its purpose is to balance human, environmental, and contextual needs in design and decision-making."
Can you explain how the 6P method relates to innovation?,The 6P method fosters innovation by encouraging exploration of diverse ideas and solutions.
What is the difference between Planet and Possibilities?,"Planet focuses on the environment, while Possibilities encourage creativity and innovative thinking."
How do you ensure that all 6Ps are balanced in a project?,Balance is achieved by evaluating trade-offs and ensuring alignment between all components.
Why is Proliferation important for scaling solutions?,Proliferation ensures innovations are scaled and shared for broader adoption and impact.
What does it mean to align Particularities with other Ps?,Aligning Particularities ensures project-specific needs are considered alongside global priorities.
Can the 6P method help with reducing environmental impact?,"Yes, by focusing on Planet and other Ps, the method promotes reduced environmental impact."
How do you identify trade-offs in the 6P framework?,Trade-offs are identified by analyzing the impact of decisions on all 6Ps and finding compromises.
What is the primary need driving the change in building design?,"The human need for buildings to live, work, and learn is changing due to developments in sustainability, climate adaptation, viruses, and population growth."
How should the building world respond to changing needs?,"The building world should respond by cooperating more closely and with greater commitment with residents, users, social platforms, and designers."
What is the goal of constructing new buildings in light of current trends?,The goal is to build constructions that suit the wishes and requirements of our time while considering a future that can change very quickly.
"Who developed the 6P method, and what was its purpose?",Dr. Ron de Vrieze developed the 6P method during his PhD study to facilitate joined design processes and address changing building needs.
What is the first step in the 6P methodology?,The first step is to separate various interests at different levels to create a better overview and balance the integration of design and process.
What tool is used in the 6P method to separate the design into layers?,"Open Building is used to separate the design into six different layers, from workplace to neighborhood level."
What perspectives are considered in the 6P method?,The method considers the end-user perspective (from the inside looking out) and the social perspective (from the outside looking in).
How do the inside and outside perspectives relate in the 6P method?,"These perspectives merge in a 'skin' that resembles dome constructions, where the various interests between inside and outside gradually merge."
How are the layers in the 6P method evaluated?,The layers are weighed on their subjective and objective value using the 6P method.
What is the benefit of separating design into six layers?,"Separating design into six layers allows the integration of design and process to be balanced, incorporating both the end-user and social perspectives."
